combo_760	no2	['noop', 'noop', 'noop', 'PolynomialFeatures', 'noop', 'Normalizer']	0.7784600182411425	0.580000	0.580000	0.580000
combo_760	test_bng_cmc	['noop', 'noop', 'noop', 'MinMaxScaler', 'VarianceThreshold', 'IncrementalPCA']	0.7260335901046293	0.469962	0.476667	0.472192
combo_760	pm10	['noop', 'noop', 'noop', 'Normalizer', 'noop', 'RandomTreesEmbedding']	0.8919166972946438	0.582529	0.580000	0.580336
combo_760	baseball	['ImputerMean', 'noop', 'OneHotEncoder', 'IncrementalPCA', 'PowerTransformer', 'noop']	0.9735302738127103	0.940645	0.947761	0.940767
combo_760	Accident_Casualties	['noop', 'noop', 'noop', 'PowerTransformer', 'noop', 'PolynomialFeatures']	0.977775002771065	0.439080	0.636667	0.519728
combo_760	LendingClub Issued Loans	['ImputerNumMode', 'noop', 'NumericData', 'VarianceThreshold', 'PCA_AUTO', 'noop']	0.7289261508090743	0.371274	0.506667	0.413717
combo_760	test_breast	['ImputerNumMode', 'noop', 'noop', 'PowerTransformer', 'TruncatedSVD', 'noop']	0.9892276929865179	0.978741	0.978571	0.978605
combo_760	bureau	['ImputerMedian', 'noop', 'LabelEncoder', 'VarianceThreshold', 'noop', 'KBinsDiscretizerOrdinal']	0.9647106647418523	0.855726	0.903333	0.875324
combo_760	test_irish	['ImputerNumMode', 'noop', 'OneHotEncoder', 'noop', 'StandardScaler', 'PolynomialFeatures']	1.0	1.000000	1.000000	1.000000
combo_760	home_credit	['ImputerNumMode', 'noop', 'noop', 'noop', 'PCA_AUTO', 'Normalizer']	0.9643650760992956	0.840278	0.916667	0.876812
combo_760	dermatology	['ImputerNumMode', 'noop', 'noop', 'noop', 'VarianceThreshold', 'noop']	0.9862062358989764	0.978082	0.972603	0.972879
combo_760	analcatdata_broadwaymult	['ImputerMean', 'noop', 'OneHotEncoder', 'RandomTreesEmbedding', 'QuantileTransformer', 'noop']	0.7374684055082001	0.584154	0.543860	0.519389
combo_760	adult	['noop', 'noop', 'NumericData', 'StandardScaler', 'VarianceThreshold', 'PCA_AUTO']	0.9011104260855048	0.765570	0.780000	0.759658
combo_760	chatfield_4	['noop', 'noop', 'noop', 'RandomTreesEmbedding', 'noop', 'RobustScaler']	0.9109265799407509	0.835621	0.829787	0.826200
combo_760	wilt	['noop', 'noop', 'noop', 'KernelPCA', 'noop', 'RobustScaler']	0.9679790654112207	0.877344	0.936667	0.906036
combo_760	braziltourism	['ImputerNumMode', 'noop', 'noop', 'noop', 'TruncatedSVD', 'VarianceThreshold']	0.8849477555881374	0.613297	0.783133	0.687887
combo_760	image segmentation	['noop', 'noop', 'noop', 'VarianceThreshold', 'MaxAbsScaler', 'TruncatedSVD']	0.7963662060880875	0.576740	0.633333	0.579886
combo_760	Indian Liver Patient Dataset (ILPD)	['ImputerMean', 'noop', 'noop', 'RobustScaler', 'noop', 'TruncatedSVD']	0.816496580927726	0.444444	0.666667	0.533333
combo_760	Skin_NonSkin	['noop', 'noop', 'noop', 'IncrementalPCA', 'noop', 'noop']	0.9602083107326244	0.922170	0.920000	0.920870
combo_760	solar-flare	['noop', 'noop', 'LabelEncoder', 'noop', 'PowerTransformer', 'IncrementalPCA']	0.8965145385084445	0.815417	0.803738	0.797935
combo_760	plasma_retinol	['noop', 'noop', 'NumericData', 'PCA_AUTO', 'noop', 'PowerTransformer']	0.8637312927246217	0.740795	0.746032	0.735843
combo_760	glass	['noop', 'noop', 'noop', 'StandardScaler', 'IncrementalPCA', 'noop']	0.7313574508612273	0.538372	0.534884	0.506095
combo_760	bodyfat	['noop', 'noop', 'noop', 'VarianceThreshold', 'PowerTransformer', 'IncrementalPCA']	1.0	1.000000	1.000000	1.000000
combo_760	The_broken_machine	['ImputerMean', 'noop', 'noop', 'KBinsDiscretizerOrdinal', 'IncrementalPCA', 'noop']	0.8306623862918074	0.505048	0.640000	0.523601
combo_760	test_ilpd	['noop', 'noop', 'LabelEncoder', 'PCA_AUTO', 'noop', 'noop']	0.8320502943378437	0.673077	0.692308	0.637363
combo_760	magic04	['noop', 'noop', 'noop', 'KBinsDiscretizerOrdinal', 'noop', 'InteractionFeatures']	0.9280804562823922	0.872715	0.866667	0.857578
combo_760	weatherAUS	['ImputerMedian', 'noop', 'NumericData', 'QuantileTransformer', 'RandomTreesEmbedding', 'noop']	0.9902861539306034	0.952851	0.953333	0.953027
combo_760	schizo	['ImputerMean', 'noop', 'OneHotEncoder', 'VarianceThreshold', 'StandardScaler', 'TruncatedSVD']	0.747545001596402	0.612132	0.558824	0.568111
combo_760	crx	['ImputerMean', 'noop', 'LabelEncoder', 'MinMaxScaler', 'noop', 'VarianceThreshold']	0.9008852329229017	0.812578	0.811594	0.811915
combo_760	disclosure_z	['noop', 'noop', 'noop', 'MinMaxScaler', 'noop', 'InteractionFeatures']	0.7509392614826383	0.564229	0.563910	0.559415
combo_760	diggle_table_a2	['noop', 'noop', 'noop', 'noop', 'RandomTreesEmbedding', 'noop']	1.0	1.000000	1.000000	1.000000
combo_760	kc3	['noop', 'noop', 'noop', 'VarianceThreshold', 'KernelPCA', 'QuantileTransformer']	0.949828359780586	0.813918	0.902174	0.855776
combo_760	triazines	['noop', 'noop', 'noop', 'noop', 'noop', 'PolynomialFeatures']	0.9032106474595007	0.839286	0.815789	0.812544
combo_760	analcatdata_germangss	['noop', 'noop', 'LabelEncoder', 'PolynomialFeatures', 'VarianceThreshold', 'MinMaxScaler']	0.5361902647381804	0.121601	0.287500	0.165545
combo_760	HTRU_2	['noop', 'noop', 'noop', 'QuantileTransformer', 'noop', 'PolynomialFeatures']	0.9865765724632495	0.985202	0.983333	0.983930
combo_760	Iris	['noop', 'noop', 'noop', 'KBinsDiscretizerOrdinal', 'VarianceThreshold', 'PolynomialFeatures']	1.0	1.000000	1.000000	1.000000
combo_760	blood-transfusion	['noop', 'noop', 'noop', 'VarianceThreshold', 'PolynomialFeatures', 'QuantileTransformer']	0.8640987597877147	0.728511	0.746667	0.681813
combo_760	test_credit	['noop', 'noop', 'LabelEncoder', 'noop', 'IncrementalPCA', 'RobustScaler']	0.8573214099741123	0.714832	0.735000	0.717355
combo_760	haberman	['noop', 'noop', 'noop', 'VarianceThreshold', 'noop', 'PowerTransformer']	0.8032193289024988	0.777474	0.645161	0.546419
combo_760	ar4	['noop', 'noop', 'noop', 'IncrementalPCA', 'QuantileTransformer', 'VarianceThreshold']	0.8528028654224418	0.805195	0.727273	0.647727
combo_760	bank-full	['noop', 'noop', 'NumericData', 'VarianceThreshold', 'noop', 'KernelPCA']	0.9426911830852491	0.898779	0.913333	0.903792
combo_760	car	['noop', 'noop', 'LabelEncoder', 'RandomTreesEmbedding', 'StandardScaler', 'noop']	0.9766049484994053	0.955071	0.950000	0.950740
combo_760	mammographic_masses	['ImputerMedian', 'noop', 'noop', 'noop', 'TruncatedSVD', 'noop']	0.9105029072119708	0.831338	0.829016	0.828350
combo_760	kidney	['noop', 'noop', 'LabelEncoder', 'KBinsDiscretizerOrdinal', 'VarianceThreshold', 'RandomTreesEmbedding']	0.9013878188659973	0.823413	0.812500	0.814777
combo_760	test_phoneme	['noop', 'noop', 'noop', 'RandomTreesEmbedding', 'noop', 'noop']	0.9265335314109587	0.822879	0.820000	0.821280
combo_760	Frogs_MFCCs_spec	['noop', 'noop', 'noop', 'VarianceThreshold', 'noop', 'StandardScaler']	0.9753743423494848	0.986815	0.986667	0.986685
combo_760	cmc	['noop', 'noop', 'noop', 'MinMaxScaler', 'InteractionFeatures', 'noop']	0.7248611789946813	0.529596	0.525424	0.515839
combo_760	Frogs_MFCCs_gen	['noop', 'noop', 'noop', 'Normalizer', 'RandomTreesEmbedding', 'noop']	0.9909247686634941	0.996700	0.996667	0.996671
combo_760	socmob	['noop', 'noop', 'NumericData', 'KBinsDiscretizerOrdinal', 'noop', 'IncrementalPCA']	0.9604237570486521	0.920222	0.922414	0.918309
combo_760	data_banknote_authentication	['noop', 'noop', 'noop', 'noop', 'IncrementalPCA', 'RobustScaler']	0.9945304968128977	0.989361	0.989091	0.989107
combo_760	Frogs_MFCCs_family	['noop', 'noop', 'noop', 'VarianceThreshold', 'InteractionFeatures', 'MinMaxScaler']	0.9803489614269768	0.996700	0.996667	0.996671
combo_760	biodeg	['noop', 'noop', 'noop', 'QuantileTransformer', 'noop', 'IncrementalPCA']	0.928740675165119	0.866919	0.862559	0.864204
combo_760	movement_libras	['noop', 'noop', 'noop', 'RandomTreesEmbedding', 'noop', 'PowerTransformer']	0.9128709291752769	0.845271	0.833333	0.825916
combo_760	veteran	['noop', 'noop', 'noop', 'PowerTransformer', 'VarianceThreshold', 'InteractionFeatures']	0.8451542547285166	0.714286	0.714286	0.714286
combo_760	test_eucalyptus	['ImputerNumMode', 'noop', 'LabelEncoder', 'VarianceThreshold', 'RobustScaler', 'PCA_AUTO']	0.7488730271620222	0.578948	0.560811	0.533424
combo_760	Wine_classification	['noop', 'noop', 'noop', 'PolynomialFeatures', 'PowerTransformer', 'noop']	1.0	1.000000	1.000000	1.000000
